{
  "dataset_summary": {
    "dataset": "clopgait_skeleton_silhouette_fusion",
    "sequences": 205,
    "subjects": 5,
    "height": 64,
    "width": 64,
    "sequence_length": 30,
    "representation": "silhouette+hamilton_skeleton+structure_blur+temporal_motion",
    "missing_pairs": 0
  },
  "checkpoint": "runs/paper_cstl_v1/clopgait_001/best_rank1_model.pt",
  "device": "cpu",
  "test_sequences": 58,
  "test_subjects": 4,
  "retrieval": {
    "gallery_per_subject": 3,
    "probes": 46,
    "gallery_subjects": 4,
    "rank1": 0.8913043478260869,
    "rank3": 1.0,
    "rank5": 1.0,
    "rank10": 1.0,
    "median_rank": 1.0,
    "mean_rank": 1.1304347826086956,
    "rank1_clothing": 0.7916666666666666,
    "rank5_clothing": 1.0,
    "probes_clothing": 24,
    "rank1_normal": 1.0,
    "rank5_normal": 1.0,
    "probes_normal": 22
  },
  "verification": {
    "same_distance": 0.03187427297234535,
    "different_distance": 0.06092217192053795,
    "distance_gap": 0.029047898948192596,
    "verification_auc": 0.7466782113321141,
    "eer_estimate": 0.38530624382980794,
    "best_threshold": 0.00963385264078776,
    "best_threshold_accuracy": 0.8269812462189957,
    "best_threshold_balanced_accuracy": 0.6782750570489893,
    "best_threshold_precision": 0.7598039215686274,
    "best_threshold_recall": 0.39540816326530615,
    "best_threshold_specificity": 0.9611419508326725,
    "best_threshold_f1": 0.5201342281879195,
    "same_pairs": 392,
    "different_pairs": 1261
  },
  "cmc": {
    "1": 0.8913043478260869,
    "2": 0.9782608695652174,
    "3": 1.0,
    "5": 1.0,
    "10": 1.0,
    "20": 1.0,
    "30": 1.0,
    "50": 1.0
  },
  "condition_breakdown": [
    {
      "condition_family": "clothing",
      "probes": 24,
      "rank1": 0.7916666666666666,
      "rank3": 1.0,
      "rank5": 1.0,
      "rank10": 1.0,
      "median_rank": 1.0
    },
    {
      "condition_family": "normal",
      "probes": 22,
      "rank1": 1.0,
      "rank3": 1.0,
      "rank5": 1.0,
      "rank10": 1.0,
      "median_rank": 1.0
    }
  ]
}