condition_family,probes,rank1,rank3,rank5,rank10,median_rank
clothing,24,0.7916666666666666,1.0,1.0,1.0,1.0
normal,22,0.9090909090909091,0.9545454545454546,1.0,1.0,1.0
