{
  "dataset_summary": {
    "dataset": "clopgait_skeleton_silhouette_fusion",
    "sequences": 205,
    "subjects": 5,
    "height": 64,
    "width": 64,
    "sequence_length": 30,
    "representation": "silhouette+hamilton_skeleton+structure_blur+temporal_motion",
    "missing_pairs": 0
  },
  "checkpoint": "runs/paper_3dlocal_v1/clopgait_001/best_rank1_model.pt",
  "device": "cpu",
  "test_sequences": 58,
  "test_subjects": 4,
  "retrieval": {
    "gallery_per_subject": 3,
    "probes": 46,
    "gallery_subjects": 4,
    "rank1": 0.8478260869565217,
    "rank3": 0.9782608695652174,
    "rank5": 1.0,
    "rank10": 1.0,
    "median_rank": 1.0,
    "mean_rank": 1.2173913043478262,
    "rank1_clothing": 0.7916666666666666,
    "rank5_clothing": 1.0,
    "probes_clothing": 24,
    "rank1_normal": 0.9090909090909091,
    "rank5_normal": 1.0,
    "probes_normal": 22
  },
  "verification": {
    "same_distance": 0.42209991812705994,
    "different_distance": 1.0149880647659302,
    "distance_gap": 0.5928881168365479,
    "verification_auc": 0.8463541245205457,
    "eer_estimate": 0.23836868212788687,
    "best_threshold": 0.6041736268997192,
    "best_threshold_accuracy": 0.7822141560798548,
    "best_threshold_balanced_accuracy": 0.7667191975918044,
    "best_threshold_precision": 0.5293040293040293,
    "best_threshold_recall": 0.7372448979591837,
    "best_threshold_specificity": 0.796193497224425,
    "best_threshold_f1": 0.6162046908315565,
    "same_pairs": 392,
    "different_pairs": 1261
  },
  "cmc": {
    "1": 0.8478260869565217,
    "2": 0.9565217391304348,
    "3": 0.9782608695652174,
    "5": 1.0,
    "10": 1.0,
    "20": 1.0,
    "30": 1.0,
    "50": 1.0
  },
  "condition_breakdown": [
    {
      "condition_family": "clothing",
      "probes": 24,
      "rank1": 0.7916666666666666,
      "rank3": 1.0,
      "rank5": 1.0,
      "rank10": 1.0,
      "median_rank": 1.0
    },
    {
      "condition_family": "normal",
      "probes": 22,
      "rank1": 0.9090909090909091,
      "rank3": 0.9545454545454546,
      "rank5": 1.0,
      "rank10": 1.0,
      "median_rank": 1.0
    }
  ]
}