condition_family,probes,rank1,rank3,rank5,rank10,median_rank
clothing,300,0.3466666666666667,0.5766666666666667,0.7166666666666667,0.8466666666666667,3.0
normal,747,0.7295850066934404,0.9263721552878179,0.965194109772423,0.9933065595716198,1.0
