condition_family,probes,rank1,rank3,rank5,rank10,median_rank
clothing,300,0.20333333333333334,0.39,0.51,0.7,5.0
normal,747,0.5555555555555556,0.7777777777777778,0.8688085676037484,0.9451137884872824,1.0
