{
  "dataset_summary": {
    "dataset": "casia_b_skeleton_silhouette_fusion",
    "sequences": 2964,
    "subjects": 124,
    "height": 64,
    "width": 64,
    "sequence_length": 30,
    "representation": "silhouette+hamilton_skeleton+structure_blur+temporal_motion",
    "missing_pairs": 0
  },
  "checkpoint": "runs/paper_3dlocal_v1/casia_001/best_rank1_model.pt",
  "device": "cpu",
  "test_sequences": 1197,
  "test_subjects": 50,
  "retrieval": {
    "gallery_per_subject": 3,
    "probes": 1047,
    "gallery_subjects": 50,
    "rank1": 0.45463228271251194,
    "rank3": 0.6666666666666666,
    "rank5": 0.7659980897803247,
    "rank10": 0.874880611270296,
    "median_rank": 2.0,
    "mean_rank": 4.703915950334289,
    "rank1_clothing": 0.20333333333333334,
    "rank5_clothing": 0.51,
    "probes_clothing": 300,
    "rank1_normal": 0.5555555555555556,
    "rank5_normal": 0.8688085676037484,
    "probes_normal": 747
  },
  "verification": {
    "same_distance": 0.3411538898944855,
    "different_distance": 0.8494804501533508,
    "distance_gap": 0.508326530456543,
    "verification_auc": 0.8459680067459998,
    "eer_estimate": 0.2348729071974085,
    "best_threshold": 0.514746876557668,
    "best_threshold_accuracy": 0.7475628871509878,
    "best_threshold_balanced_accuracy": 0.7654291016388453,
    "best_threshold_precision": 0.05711527035056447,
    "best_threshold_recall": 0.7840081561316633,
    "best_threshold_specificity": 0.7468500471460273,
    "best_threshold_f1": 0.10647388096603834,
    "same_pairs": 13732,
    "different_pairs": 702074
  },
  "cmc": {
    "1": 0.45463228271251194,
    "2": 0.5864374403056352,
    "3": 0.6666666666666666,
    "5": 0.7659980897803247,
    "10": 0.874880611270296,
    "20": 0.956064947468959,
    "30": 0.9837631327602674,
    "50": 1.0
  },
  "condition_breakdown": [
    {
      "condition_family": "clothing",
      "probes": 300,
      "rank1": 0.20333333333333334,
      "rank3": 0.39,
      "rank5": 0.51,
      "rank10": 0.7,
      "median_rank": 5.0
    },
    {
      "condition_family": "normal",
      "probes": 747,
      "rank1": 0.5555555555555556,
      "rank3": 0.7777777777777778,
      "rank5": 0.8688085676037484,
      "rank10": 0.9451137884872824,
      "median_rank": 1.0
    }
  ]
}