condition_family,probes,rank1,rank3,rank5,rank10,median_rank
clothing,300,0.4033333333333333,0.61,0.74,0.87,2.0
normal,747,0.7871485943775101,0.9357429718875502,0.9718875502008032,0.9919678714859438,1.0
