{
  "dataset_summary": {
    "dataset": "casia_b_skeleton_silhouette_fusion",
    "sequences": 2964,
    "subjects": 124,
    "height": 64,
    "width": 64,
    "sequence_length": 30,
    "representation": "silhouette+hamilton_skeleton+structure_blur+temporal_motion",
    "missing_pairs": 0
  },
  "checkpoint": "runs/paper_cstl_v1/casia_001/best_rank1_model.pt",
  "device": "cpu",
  "test_sequences": 1197,
  "test_subjects": 50,
  "retrieval": {
    "gallery_per_subject": 3,
    "probes": 1047,
    "gallery_subjects": 50,
    "rank1": 0.6771728748806113,
    "rank3": 0.8424068767908309,
    "rank5": 0.9054441260744985,
    "rank10": 0.9570200573065902,
    "median_rank": 1.0,
    "mean_rank": 2.6542502387774594,
    "rank1_clothing": 0.4033333333333333,
    "rank5_clothing": 0.74,
    "probes_clothing": 300,
    "rank1_normal": 0.7871485943775101,
    "rank5_normal": 0.9718875502008032,
    "probes_normal": 747
  },
  "verification": {
    "same_distance": 0.3259236216545105,
    "different_distance": 0.9148259162902832,
    "distance_gap": 0.5889022946357727,
    "verification_auc": 0.8989313204789955,
    "eer_estimate": 0.17354743610998485,
    "best_threshold": 0.5138915717601776,
    "best_threshold_accuracy": 0.8484603370186894,
    "best_threshold_balanced_accuracy": 0.8283239824415998,
    "best_threshold_precision": 0.09482957704315101,
    "best_threshold_recall": 0.8073842120594232,
    "best_threshold_specificity": 0.8492637528237764,
    "best_threshold_f1": 0.1697245248647118,
    "same_pairs": 13732,
    "different_pairs": 702074
  },
  "cmc": {
    "1": 0.6771728748806113,
    "2": 0.789875835721108,
    "3": 0.8424068767908309,
    "5": 0.9054441260744985,
    "10": 0.9570200573065902,
    "20": 0.9818529130850048,
    "30": 0.9894937917860553,
    "50": 1.0
  },
  "condition_breakdown": [
    {
      "condition_family": "clothing",
      "probes": 300,
      "rank1": 0.4033333333333333,
      "rank3": 0.61,
      "rank5": 0.74,
      "rank10": 0.87,
      "median_rank": 2.0
    },
    {
      "condition_family": "normal",
      "probes": 747,
      "rank1": 0.7871485943775101,
      "rank3": 0.9357429718875502,
      "rank5": 0.9718875502008032,
      "rank10": 0.9919678714859438,
      "median_rank": 1.0
    }
  ]
}