condition_family,probes,rank1,rank3,rank5,rank10,median_rank
clothing,300,0.36333333333333334,0.6466666666666666,0.7633333333333333,0.8933333333333333,2.0
normal,747,0.8045515394912985,0.92904953145917,0.9732262382864793,0.9919678714859438,1.0
