{
  "dataset_summary": {
    "dataset": "casia_b_skeleton_silhouette_fusion",
    "sequences": 2964,
    "subjects": 124,
    "height": 64,
    "width": 64,
    "sequence_length": 30,
    "representation": "silhouette+hamilton_skeleton+structure_blur+temporal_motion",
    "missing_pairs": 0
  },
  "checkpoint": "runs/skeleton_silhouette_partset_v7/partset_rank1_001/best_rank1_model.pt",
  "device": "mps",
  "test_sequences": 1197,
  "test_subjects": 50,
  "retrieval": {
    "gallery_per_subject": 3,
    "probes": 1047,
    "gallery_subjects": 50,
    "rank1": 0.6781279847182426,
    "rank3": 0.8481375358166189,
    "rank5": 0.9130850047755492,
    "rank10": 0.9637058261700095,
    "median_rank": 1.0,
    "mean_rank": 2.5348615090735436,
    "rank1_clothing": 0.36333333333333334,
    "rank5_clothing": 0.7633333333333333,
    "probes_clothing": 300,
    "rank1_normal": 0.8045515394912985,
    "rank5_normal": 0.9732262382864793,
    "probes_normal": 747
  },
  "verification": {
    "same_distance": 0.33438199758529663,
    "different_distance": 0.9235239028930664,
    "distance_gap": 0.5891419053077698,
    "verification_auc": 0.9113093908336193,
    "eer_estimate": 0.16466308815550046,
    "best_threshold": 0.5753104269504548,
    "best_threshold_accuracy": 0.8426067956960406,
    "best_threshold_balanced_accuracy": 0.8357284123023652,
    "best_threshold_precision": 0.0935021818271467,
    "best_threshold_recall": 0.8285755898630935,
    "best_threshold_specificity": 0.8428812347416369,
    "best_threshold_f1": 0.16804141220951274,
    "same_pairs": 13732,
    "different_pairs": 702074
  },
  "cmc": {
    "1": 0.6781279847182426,
    "2": 0.789875835721108,
    "3": 0.8481375358166189,
    "5": 0.9130850047755492,
    "10": 0.9637058261700095,
    "20": 0.9789875835721108,
    "30": 0.9952244508118434,
    "50": 1.0
  },
  "condition_breakdown": [
    {
      "condition_family": "clothing",
      "probes": 300,
      "rank1": 0.36333333333333334,
      "rank3": 0.6466666666666666,
      "rank5": 0.7633333333333333,
      "rank10": 0.8933333333333333,
      "median_rank": 2.0
    },
    {
      "condition_family": "normal",
      "probes": 747,
      "rank1": 0.8045515394912985,
      "rank3": 0.92904953145917,
      "rank5": 0.9732262382864793,
      "rank10": 0.9919678714859438,
      "median_rank": 1.0
    }
  ]
}