{
  "epochs_recorded": 87,
  "best_rank1": {
    "epoch": 87,
    "value": 0.6790830945558739
  },
  "best_rank5": {
    "epoch": 74,
    "value": 0.9178605539637058
  },
  "best_verification_auc": {
    "epoch": 63,
    "value": 0.9147828255170406
  },
  "best_verification_accuracy": {
    "epoch": 64,
    "value": 0.838239056826331
  },
  "best_distance_gap": {
    "epoch": 15,
    "value": 0.6411135792732239
  },
  "final_epoch": {
    "epoch": 86,
    "generative": 8.828133165836334,
    "recognition": 53.767175793647766,
    "generative_steps": 10,
    "recognition_steps": 45,
    "steps": 55,
    "generative_avg": 0.8828133165836334,
    "recognition_avg": 1.1948261287477282,
    "learning_rate": 1.9458218046342208e-05,
    "rank1": 0.6790830945558739,
    "rank5": 0.9130850047755492,
    "same_distance": 0.33441582322120667,
    "different_distance": 0.9235848188400269,
    "distance_gap": 0.5891689956188202,
    "verification_auc": 0.9116068933877076,
    "verification_accuracy": 0.833029545752155,
    "gallery_per_subject": 3.0,
    "monitor_metric": "verification_auc",
    "monitoring_active": true,
    "best_verification_auc": 0.9147828255170406,
    "best_rank1": 0.6790830945558739
  }
}