condition_family,probes,rank1,rank3,rank5,rank10,median_rank
clothing,300,0.25666666666666665,0.4766666666666667,0.5933333333333334,0.7666666666666667,4.0
normal,747,0.5555555555555556,0.7670682730923695,0.8527443105756358,0.9558232931726908,1.0
