{
  "dataset_summary": {
    "dataset": "clopgait_skeleton_silhouette_fusion",
    "sequences": 205,
    "subjects": 5,
    "height": 64,
    "width": 64,
    "sequence_length": 30,
    "representation": "silhouette+hamilton_skeleton+structure_blur+temporal_motion",
    "missing_pairs": 0
  },
  "checkpoint": "runs/skeleton_silhouette_transformer_v1/transformer_clop_crosscond_001/best_rank1_model.pt",
  "device": "cpu",
  "test_sequences": 28,
  "test_subjects": 5,
  "retrieval": {
    "gallery_per_subject": 3,
    "probes": 13,
    "gallery_subjects": 5,
    "rank1": 0.7692307692307693,
    "rank3": 0.8461538461538461,
    "rank5": 1.0,
    "rank10": 1.0,
    "median_rank": 1.0,
    "mean_rank": 1.6923076923076923,
    "rank1_clothing": 0.7692307692307693,
    "rank5_clothing": 1.0,
    "probes_clothing": 13
  },
  "verification": {
    "same_distance": 0.20848920941352844,
    "different_distance": 0.18521428108215332,
    "distance_gap": -0.023274928331375122,
    "verification_auc": 0.4921328671328671,
    "eer_estimate": 0.5451631701631701,
    "best_threshold": 0.008819059530893961,
    "best_threshold_accuracy": 0.8333333333333334,
    "best_threshold_balanced_accuracy": 0.576486013986014,
    "best_threshold_precision": 0.5714285714285714,
    "best_threshold_recall": 0.18181818181818182,
    "best_threshold_specificity": 0.9711538461538461,
    "best_threshold_f1": 0.27586206896551724,
    "same_pairs": 66,
    "different_pairs": 312
  },
  "cmc": {
    "1": 0.7692307692307693,
    "2": 0.7692307692307693,
    "3": 0.8461538461538461,
    "5": 1.0,
    "10": 1.0,
    "20": 1.0,
    "30": 1.0,
    "50": 1.0
  },
  "condition_breakdown": [
    {
      "condition_family": "clothing",
      "probes": 13,
      "rank1": 0.7692307692307693,
      "rank3": 0.8461538461538461,
      "rank5": 1.0,
      "rank10": 1.0,
      "median_rank": 1.0
    }
  ]
}