condition_family,probes,rank1,rank3,rank5,rank10,median_rank
clothing,300,0.38,0.6433333333333333,0.7533333333333333,0.8733333333333333,2.0
normal,747,0.7603748326639893,0.9303882195448461,0.9745649263721553,0.9946452476572959,1.0
