{
  "dataset_summary": {
    "dataset": "casia_b_skeleton_silhouette_fusion",
    "sequences": 2964,
    "subjects": 124,
    "height": 64,
    "width": 64,
    "sequence_length": 30,
    "representation": "silhouette+hamilton_skeleton+structure_blur+temporal_motion",
    "missing_pairs": 0
  },
  "checkpoint": "runs/skeleton_silhouette_partset_v7/partset_rank1_validated_001/best_rank1_model.pt",
  "device": "cpu",
  "test_sequences": 1197,
  "test_subjects": 50,
  "retrieval": {
    "gallery_per_subject": 3,
    "probes": 1047,
    "gallery_subjects": 50,
    "rank1": 0.6513849092645654,
    "rank3": 0.8481375358166189,
    "rank5": 0.9111747851002865,
    "rank10": 0.9598853868194842,
    "median_rank": 1.0,
    "mean_rank": 2.589302769818529,
    "rank1_clothing": 0.38,
    "rank5_clothing": 0.7533333333333333,
    "probes_clothing": 300,
    "rank1_normal": 0.7603748326639893,
    "rank5_normal": 0.9745649263721553,
    "probes_normal": 747
  },
  "verification": {
    "same_distance": 0.2889713644981384,
    "different_distance": 0.8626453280448914,
    "distance_gap": 0.5736739635467529,
    "verification_auc": 0.9125155053996519,
    "eer_estimate": 0.16084779885006034,
    "best_threshold": 0.4662629326184591,
    "best_threshold_accuracy": 0.8654314157746652,
    "best_threshold_balanced_accuracy": 0.8408666968922334,
    "best_threshold_precision": 0.10664380625803686,
    "best_threshold_recall": 0.8153218759102826,
    "best_threshold_specificity": 0.8664115178741842,
    "best_threshold_f1": 0.18861662609398822,
    "same_pairs": 13732,
    "different_pairs": 702074
  },
  "cmc": {
    "1": 0.6513849092645654,
    "2": 0.7774594078319007,
    "3": 0.8481375358166189,
    "5": 0.9111747851002865,
    "10": 0.9598853868194842,
    "20": 0.9818529130850048,
    "30": 0.9961795606494747,
    "50": 1.0
  },
  "condition_breakdown": [
    {
      "condition_family": "clothing",
      "probes": 300,
      "rank1": 0.38,
      "rank3": 0.6433333333333333,
      "rank5": 0.7533333333333333,
      "rank10": 0.8733333333333333,
      "median_rank": 2.0
    },
    {
      "condition_family": "normal",
      "probes": 747,
      "rank1": 0.7603748326639893,
      "rank3": 0.9303882195448461,
      "rank5": 0.9745649263721553,
      "rank10": 0.9946452476572959,
      "median_rank": 1.0
    }
  ]
}