condition_family,probes,rank1,rank3,rank5,rank10,median_rank
clothing,370,0.7756756756756756,0.918918918918919,0.9567567567567568,0.9756756756756757,1.0
