{
  "dataset_summary": {
    "dataset": "casia_b_skeleton_silhouette_fusion",
    "sequences": 2964,
    "subjects": 124,
    "height": 64,
    "width": 64,
    "sequence_length": 30,
    "representation": "silhouette+hamilton_skeleton+structure_blur+temporal_motion",
    "missing_pairs": 0
  },
  "checkpoint": "runs/skeleton_silhouette_partset_v7/partset_casia_crosscond_001/best_rank1_model.pt",
  "device": "cpu",
  "test_sequences": 742,
  "test_subjects": 124,
  "retrieval": {
    "gallery_per_subject": 3,
    "probes": 370,
    "gallery_subjects": 124,
    "rank1": 0.7756756756756756,
    "rank3": 0.918918918918919,
    "rank5": 0.9567567567567568,
    "rank10": 0.9756756756756757,
    "median_rank": 1.0,
    "mean_rank": 2.1135135135135137,
    "rank1_clothing": 0.7756756756756756,
    "rank5_clothing": 0.9567567567567568,
    "probes_clothing": 370
  },
  "verification": {
    "same_distance": 0.14153219759464264,
    "different_distance": 0.5269043445587158,
    "distance_gap": 0.3853721618652344,
    "verification_auc": 0.8891216413076712,
    "eer_estimate": 0.19573781197096213,
    "best_threshold": 0.20076497197151183,
    "best_threshold_accuracy": 0.8271549701539771,
    "best_threshold_balanced_accuracy": 0.805674387080285,
    "best_threshold_precision": 0.0298756382803492,
    "best_threshold_recall": 0.7839005942733658,
    "best_threshold_specificity": 0.8274481798872043,
    "best_threshold_f1": 0.057557666752613104,
    "same_pairs": 1851,
    "different_pairs": 273060
  },
  "cmc": {
    "1": 0.7756756756756756,
    "2": 0.8837837837837837,
    "3": 0.918918918918919,
    "5": 0.9567567567567568,
    "10": 0.9756756756756757,
    "20": 0.9864864864864865,
    "30": 0.9891891891891892,
    "50": 0.9972972972972973
  },
  "condition_breakdown": [
    {
      "condition_family": "clothing",
      "probes": 370,
      "rank1": 0.7756756756756756,
      "rank3": 0.918918918918919,
      "rank5": 0.9567567567567568,
      "rank10": 0.9756756756756757,
      "median_rank": 1.0
    }
  ]
}