{
  "dataset_summary": {
    "dataset": "clopgait_skeleton_silhouette_fusion",
    "sequences": 205,
    "subjects": 5,
    "height": 64,
    "width": 64,
    "sequence_length": 30,
    "representation": "silhouette+hamilton_skeleton+structure_blur+temporal_motion",
    "missing_pairs": 0
  },
  "checkpoint": "runs/skeleton_silhouette_tcn_v1/tcn_clop_crosscond_001/best_rank1_model.pt",
  "device": "cpu",
  "test_sequences": 28,
  "test_subjects": 5,
  "retrieval": {
    "gallery_per_subject": 3,
    "probes": 13,
    "gallery_subjects": 5,
    "rank1": 0.6153846153846154,
    "rank3": 0.8461538461538461,
    "rank5": 1.0,
    "rank10": 1.0,
    "median_rank": 1.0,
    "mean_rank": 1.7692307692307692,
    "rank1_clothing": 0.6153846153846154,
    "rank5_clothing": 1.0,
    "probes_clothing": 13
  },
  "verification": {
    "same_distance": 0.2529420554637909,
    "different_distance": 0.2812463641166687,
    "distance_gap": 0.028304308652877808,
    "verification_auc": 0.5618686868686869,
    "eer_estimate": 0.46722027972027974,
    "best_threshold": 0.17380521992842363,
    "best_threshold_accuracy": 0.6402116402116402,
    "best_threshold_balanced_accuracy": 0.567016317016317,
    "best_threshold_precision": 0.23076923076923078,
    "best_threshold_recall": 0.45454545454545453,
    "best_threshold_specificity": 0.6794871794871795,
    "best_threshold_f1": 0.30612244897959184,
    "same_pairs": 66,
    "different_pairs": 312
  },
  "cmc": {
    "1": 0.6153846153846154,
    "2": 0.7692307692307693,
    "3": 0.8461538461538461,
    "5": 1.0,
    "10": 1.0,
    "20": 1.0,
    "30": 1.0,
    "50": 1.0
  },
  "condition_breakdown": [
    {
      "condition_family": "clothing",
      "probes": 13,
      "rank1": 0.6153846153846154,
      "rank3": 0.8461538461538461,
      "rank5": 1.0,
      "rank10": 1.0,
      "median_rank": 1.0
    }
  ]
}